{
    "LDRPostProcessEnable": true,
    "TAA": false,
    "colorCorrect": true,
    "customBrightnessEnable": false,
    "customContrast": 1.0,
    "customContrastEnable": false,
    "filmGrain": true,
    "fog": true,
    "gamma": 1.0,
    "gammaOverlay": 1.0,
    "godRay": true,
    "jitter": false,
    "lensDistortionEnable": false,
    "lensFlare": true,
    "localExposure": true,
    "localExposureBlurredLuminance": false,
    "lowerLimit": 0.0,
    "lowerLimitOverlay": 0.0,
    "upperLimit": 1.0,
    "upperLimitOverlay": 1.0,
    "useSDRBrightnessOptionforOverlay": false,
    "volumetricFog": true
}